user_id,organization_id,full_name,email,password_hash,phone_number,role,created_at
1,1,IMSciences L&F Admin,admin@imsciences.edu.pk,admin123,03001234567,admin,1/15/2026 10:00
2,1,Kashmala Malik,kashmala.malik2@imsciences.edu.pk,pass0002,03005614226,user,2/6/2026 14:50
3,1,Tariq Tariq,tariq.tariq3@imsciences.edu.pk,pass0003,03022719583,user,1/20/2026 20:33
4,1,Sumaira Awan,sumaira.awan4@imsciences.edu.pk,pass0004,03082458591,user,3/10/2026 9:43
5,1,Tahira Mehmood,tahira.mehmood5@imsciences.edu.pk,pass0005,03001499914,user,3/4/2026 13:16
6,1,Hamza Raza,hamza.raza6@imsciences.edu.pk,pass0006,03039478454,user,2/28/2026 8:14
7,1,Nadia Khan,nadia.khan7@imsciences.edu.pk,pass0007,03084335942,user,2/12/2026 2:17
8,1,Saima Shah,saima.shah8@imsciences.edu.pk,pass0008,03088038374,user,2/4/2026 21:39
9,1,Saad Bashir,saad.bashir9@imsciences.edu.pk,pass0009,03095667265,user,5/1/2026 21:35
10,1,Ahmed Butt,ahmed.butt10@imsciences.edu.pk,pass0010,03028090293,user,2/1/2026 21:09
11,1,Ayesha Rashid,ayesha.rashid11@imsciences.edu.pk,pass0011,03024612365,user,5/10/2026 15:53
12,1,Areeba Hassan,areeba.hassan12@imsciences.edu.pk,pass0012,03012556017,user,4/7/2026 22:17
13,1,Zainab Malik,zainab.malik13@imsciences.edu.pk,pass0013,03056770619,user,1/22/2026 4:07
14,1,Nadia Rashid,nadia.rashid14@imsciences.edu.pk,pass0014,03008707870,user,1/21/2026 18:51
15,1,Anum Malik,anum.malik15@imsciences.edu.pk,pass0015,03062322047,user,2/3/2026 4:39
16,1,Mariam Akhtar,mariam.akhtar16@imsciences.edu.pk,pass0016,03097067228,user,2/27/2026 10:55
17,1,Kiran Raza,kiran.raza17@imsciences.edu.pk,pass0017,03011768805,user,3/2/2026 4:16
18,1,Hafsa Tariq,hafsa.tariq18@imsciences.edu.pk,pass0018,03042338687,user,4/24/2026 3:07
19,1,Saad Farooq,saad.farooq19@imsciences.edu.pk,pass0019,03017377459,user,5/12/2026 21:36
20,1,Adnan Bashir,adnan.bashir20@imsciences.edu.pk,pass0020,03053728882,user,1/21/2026 3:39
21,1,Maryam Iqbal,maryam.iqbal21@imsciences.edu.pk,pass0021,03035479144,user,5/4/2026 23:35
22,1,Naila Niazi,naila.niazi22@imsciences.edu.pk,pass0022,03013871230,user,2/23/2026 14:39
23,1,Anum Awan,anum.awan23@imsciences.edu.pk,pass0023,03033741438,user,5/1/2026 19:36
24,1,Iqra Aslam,iqra.aslam24@imsciences.edu.pk,pass0024,03044684531,user,4/7/2026 11:06
25,1,Sumaira Hassan,sumaira.hassan25@imsciences.edu.pk,pass0025,03004842788,user,2/27/2026 19:19
26,1,Hassan Chaudhry,hassan.chaudhry26@imsciences.edu.pk,pass0026,03057730428,user,4/13/2026 5:27
27,1,Adnan Ahmed,adnan.ahmed27@imsciences.edu.pk,pass0027,03036279418,user,5/10/2026 10:10
28,1,Khalid Shah,khalid.shah28@imsciences.edu.pk,pass0028,03077637601,user,3/11/2026 0:27
29,1,Zarmeen Bashir,zarmeen.bashir29@imsciences.edu.pk,pass0029,03025443951,user,1/17/2026 6:17
30,1,Yousaf Tariq,yousaf.tariq30@imsciences.edu.pk,pass0030,03085408072,user,2/16/2026 0:03
31,1,Mehwish Nawaz,mehwish.nawaz31@imsciences.edu.pk,pass0031,03067700828,user,4/8/2026 1:31
32,1,Maryam Tariq,maryam.tariq32@imsciences.edu.pk,pass0032,03029548432,user,3/23/2026 1:40
33,1,Saba Ahmed,saba.ahmed33@imsciences.edu.pk,pass0033,03002839607,user,3/10/2026 22:58
34,1,Zain Shah,zain.shah34@imsciences.edu.pk,pass0034,03028082668,user,2/15/2026 4:35
35,1,Nadia Ahmed,nadia.ahmed35@imsciences.edu.pk,pass0035,03067402509,user,2/26/2026 19:26
36,1,Nadia Bashir,nadia.bashir36@imsciences.edu.pk,pass0036,03085218028,user,3/22/2026 8:38
37,1,Mariam Farooq,mariam.farooq37@imsciences.edu.pk,pass0037,03002921859,user,2/4/2026 20:20
38,1,Sumaira Mughal,sumaira.mughal38@imsciences.edu.pk,pass0038,03085476583,user,2/3/2026 0:13
39,1,Anaya Shah,anaya.shah39@imsciences.edu.pk,pass0039,03052871534,user,3/30/2026 18:35
40,1,Junaid Mehmood,junaid.mehmood40@imsciences.edu.pk,pass0040,03028612220,user,2/3/2026 18:43
41,1,Ahmed Awan,ahmed.awan41@imsciences.edu.pk,pass0041,03049398441,user,3/26/2026 16:57
42,1,Areeba Hussain,areeba.hussain42@imsciences.edu.pk,pass0042,03082785277,user,3/23/2026 18:56
43,1,Kashmala Akhtar,kashmala.akhtar43@imsciences.edu.pk,pass0043,03084337174,user,5/13/2026 5:34
44,1,Zain Iqbal,zain.iqbal44@imsciences.edu.pk,pass0044,03029897858,user,3/8/2026 8:45
45,1,Ahmed Akram,ahmed.akram45@imsciences.edu.pk,pass0045,03059197443,user,1/24/2026 10:29
46,1,Ali Malik,ali.malik46@imsciences.edu.pk,pass0046,03056159230,user,4/15/2026 5:04
47,1,Tariq Ali,tariq.ali47@imsciences.edu.pk,pass0047,03032321324,user,4/30/2026 3:00
48,1,Hamza Awan,hamza.awan48@imsciences.edu.pk,pass0048,03072161193,user,2/9/2026 5:43
49,1,Areeba Saleem,areeba.saleem49@imsciences.edu.pk,pass0049,03023154051,user,3/30/2026 12:05
50,1,Hafsa Yousaf,hafsa.yousaf50@imsciences.edu.pk,pass0050,03083770370,user,1/31/2026 7:14
51,1,Waqar Anwar,waqar.anwar51@imsciences.edu.pk,pass0051,03098099076,user,5/3/2026 4:41
52,1,Khalid Niazi,khalid.niazi52@imsciences.edu.pk,pass0052,03084374754,user,3/13/2026 22:18
53,1,Saima Akhtar,saima.akhtar53@imsciences.edu.pk,pass0053,03067264956,user,3/27/2026 5:20
54,1,Noor Mughal,noor.mughal54@imsciences.edu.pk,pass0054,03088574680,user,5/8/2026 2:39
55,1,Umar Tariq,umar.tariq55@imsciences.edu.pk,pass0055,03032074176,user,2/22/2026 8:07
56,1,Ayesha Khan,ayesha.khan56@imsciences.edu.pk,pass0056,03094860684,user,1/29/2026 12:09
57,1,Tahira Tariq,tahira.tariq57@imsciences.edu.pk,pass0057,03002191066,user,1/24/2026 21:33
58,1,Saima Shah,saima.shah58@imsciences.edu.pk,pass0058,03004841005,user,3/1/2026 6:04
59,1,Bilal Mughal,bilal.mughal59@imsciences.edu.pk,pass0059,03006543670,user,3/13/2026 4:38
60,1,Bilal Anwar,bilal.anwar60@imsciences.edu.pk,pass0060,03035672073,user,1/31/2026 11:51
61,1,Hafsa Yousaf,hafsa.yousaf61@imsciences.edu.pk,pass0061,03033219824,user,3/2/2026 4:53
62,1,Sadia Niazi,sadia.niazi62@imsciences.edu.pk,pass0062,03098930103,user,2/4/2026 14:42
63,1,Tariq Chaudhry,tariq.chaudhry63@imsciences.edu.pk,pass0063,03077829332,user,3/30/2026 19:30
64,1,Imran Malik,imran.malik64@imsciences.edu.pk,pass0064,03018231838,user,3/10/2026 23:27
65,1,Fatima Mehmood,fatima.mehmood65@imsciences.edu.pk,pass0065,03068835373,user,4/14/2026 1:02
66,1,Sadia Ali,sadia.ali66@imsciences.edu.pk,pass0066,03012016911,user,3/27/2026 20:14
67,1,Hina Awan,hina.awan67@imsciences.edu.pk,pass0067,03052833230,user,2/16/2026 14:01
68,1,Tariq Raza,tariq.raza68@imsciences.edu.pk,pass0068,03039997381,user,3/28/2026 21:10
69,1,Noor Sheikh,noor.sheikh69@imsciences.edu.pk,pass0069,03064078418,user,3/25/2026 23:40
70,1,Adnan Bashir,adnan.bashir70@imsciences.edu.pk,pass0070,03032264748,user,2/25/2026 16:22
71,1,Noor Chaudhry,noor.chaudhry71@imsciences.edu.pk,pass0071,03082642635,user,3/8/2026 20:12
72,1,Hussain Shah,hussain.shah72@imsciences.edu.pk,pass0072,03081247595,user,1/29/2026 20:45
73,1,Hamza Niazi,hamza.niazi73@imsciences.edu.pk,pass0073,03033790237,user,5/14/2026 6:45
74,1,Maira Yousaf,maira.yousaf74@imsciences.edu.pk,pass0074,03074586084,user,2/18/2026 5:33
75,1,Hina Mughal,hina.mughal75@imsciences.edu.pk,pass0075,03003762152,user,4/29/2026 17:16
76,1,Zainab Khan,zainab.khan76@imsciences.edu.pk,pass0076,03065449368,user,3/4/2026 12:54
77,1,Iqra Akhtar,iqra.akhtar77@imsciences.edu.pk,pass0077,03069164991,user,2/16/2026 17:30
78,1,Zain Raza,zain.raza78@imsciences.edu.pk,pass0078,03044652414,user,4/15/2026 18:17
79,1,Hussain Nawaz,hussain.nawaz79@imsciences.edu.pk,pass0079,03082022698,user,3/30/2026 16:23
80,1,Mehwish Hassan,mehwish.hassan80@imsciences.edu.pk,pass0080,03001841248,user,3/9/2026 10:02
81,1,Tahira Yousaf,tahira.yousaf81@imsciences.edu.pk,pass0081,03089910817,user,5/4/2026 3:34
82,1,Asad Ali,asad.ali82@imsciences.edu.pk,pass0082,03082344047,user,2/27/2026 15:28
83,1,Faisal Ahmed,faisal.ahmed83@imsciences.edu.pk,pass0083,03092140194,user,3/19/2026 23:16
84,1,Sumaira Farooq,sumaira.farooq84@imsciences.edu.pk,pass0084,03037774229,user,1/26/2026 20:41
85,1,Umar Mughal,umar.mughal85@imsciences.edu.pk,pass0085,03095130808,user,3/1/2026 11:26
86,1,Tahira Akram,tahira.akram86@imsciences.edu.pk,pass0086,03002375453,user,1/22/2026 5:35
87,1,Maira Qureshi,maira.qureshi87@imsciences.edu.pk,pass0087,03099770838,user,3/18/2026 6:07
88,1,Sara Niazi,sara.niazi88@imsciences.edu.pk,pass0088,03044426900,user,4/3/2026 21:33
89,1,Hafsa Abbasi,hafsa.abbasi89@imsciences.edu.pk,pass0089,03055004485,user,3/8/2026 23:45
90,1,Waqar Aslam,waqar.aslam90@imsciences.edu.pk,pass0090,03026033115,user,1/28/2026 20:27
91,1,Iqra Hassan,iqra.hassan91@imsciences.edu.pk,pass0091,03011156287,user,2/25/2026 23:15
92,1,Iqra Akram,iqra.akram92@imsciences.edu.pk,pass0092,03092677407,user,5/6/2026 3:15
93,1,Bilal Saleem,bilal.saleem93@imsciences.edu.pk,pass0093,03039487336,user,3/18/2026 2:30
94,1,Waqar Sheikh,waqar.sheikh94@imsciences.edu.pk,pass0094,03052154126,user,2/26/2026 6:54
95,1,Tariq Iqbal,tariq.iqbal95@imsciences.edu.pk,pass0095,03043646552,user,4/22/2026 22:35
96,1,Noor Siddiqui,noor.siddiqui96@imsciences.edu.pk,pass0096,03086075395,user,4/2/2026 19:46
97,1,Zara Chaudhry,zara.chaudhry97@imsciences.edu.pk,pass0097,03081131249,user,4/15/2026 2:24
98,1,Hafsa Siddiqui,hafsa.siddiqui98@imsciences.edu.pk,pass0098,03086022741,user,2/12/2026 17:49
99,1,Hafsa Malik,hafsa.malik99@imsciences.edu.pk,pass0099,03025437001,user,3/8/2026 10:25
100,1,Umar Mughal,umar.mughal100@imsciences.edu.pk,pass0100,03013607983,user,2/12/2026 2:43
